InvoiceId,Country,TrackName
1,Germany,Balls to the Wall
1,Germany,Restless and Wild
2,Norway,Put The Finger On You
2,Norway,Inject The Venom
2,Norway,Evil Walks
2,Norway,Breaking The Rules
3,Belgium,Dog Eat Dog
3,Belgium,Overdose
3,Belgium,Love In An Elevator
3,Belgium,Janie's Got A Gun
3,Belgium,Deuces Are Wild
3,Belgium,Angel
4,Canada,Right Through You
4,Canada,Not The Doctor
4,Canada,Bleed The Freak
4,Canada,Confusion
4,Canada,Por Causa De Você
4,Canada,Angela
4,Canada,Master Of Puppets
4,Canada,Welcome Home (Sanitarium)
4,Canada,Set It Off
5,USA,Your Time Has Come
5,USA,Dandelion
5,USA,Rock 'N' Roll Music
5,USA,Moon germs
5,USA,Super Terrorizer
5,USA,Heart Of Gold
5,USA,Evil Woman
5,USA,Cornucopia
5,USA,Bowels Of The Devil
5,USA,Body Count Anthem
5,USA,Jerusalem
5,USA,When My Left Eye Jumps
5,USA,Meditação
5,USA,Esse Cara
6,Germany,"Bye, Bye Brasil"
7,Germany,Atras Da Porta
7,Germany,Tatuagem
8,France,Morena De Angola
8,France,A Banda
9,France,Com Açúcar E Com Afeto
9,France,Meu Caro Amigo
9,France,Trocando Em Miúdos
9,France,Gota D'água
10,Ireland,Etnia
10,Ireland,Samba Do Lado
10,Ireland,Sobremesa
10,Ireland,Sangue De Bairro
10,Ireland,Amor De Muito
10,Ireland,Maracatu Atômico [Trip Hop]
11,United Kingdom,Samba Makossa
11,United Kingdom,Lixo Do Mangue
11,United Kingdom,Firmamento
11,United Kingdom,Já Foi
11,United Kingdom,A Cor Do Sol
11,United Kingdom,Firmamento
11,United Kingdom,Sábado A Noite
11,United Kingdom,Linha Do Equador
11,United Kingdom,Livre Pra Viver
12,Germany,Lavadeira
12,Germany,Dazed and Confused
12,Germany,You Shook Me(2)
12,Germany,Man With The Woman Head
12,Germany,Leandro De Itaquera 2001
12,Germany,Vôo Sobre o Horizonte
12,Germany,All Star
12,Germany,Tanto Tempo
12,Germany,Bumbo Da Mangueira
12,Germany,Die Die My Darling
12,Germany,Radio GA GA
12,Germany,I'm Going Slightly Mad
12,Germany,Sure Know Something
12,Germany,God Of Thunder
13,USA,Valentino's
14,USA,Believe
14,USA,As We Sleep
15,USA,J Squared
15,USA,Maria
16,USA,Longview
16,USA,Basket Case
16,USA,She
16,USA,Geek Stink Breath
17,USA,Stuck With Me
17,USA,Nice Guys Finish Last
17,USA,Macy's Day Parade
17,USA,Don't You Cry
17,USA,Living On Love
17,USA,Wherever You May Go
18,Canada,"Diga Lá, Coração"
18,Canada,Comportamento Geral
18,Canada,Podres Poderes
18,Canada,Queixa
18,Canada,Ando Meio Desligado
18,Canada,Vida De Cachorro
18,Canada,Meu Refrigerador Não Funciona
18,Canada,Smoke On The Water
18,Canada,Trampled Under Foot
19,France,União Da Ilha
19,France,Put Your Lights On
19,France,Primavera
19,France,Seis Da Tarde
19,France,Compulsion
19,France,The Pan Piper
19,France,Jean Pierre (Live)
19,France,Drum Boogie
19,France,Lemon Drop
19,France,Showcase
19,France,Como É Duro Trabalhar
19,France,Pela Luz dos Olhos Teus (Miúcha e Tom Jobim)
19,France,As Rosas Não Falam (Beth Carvalho)
19,France,Green River
20,United Kingdom,Someday Never Comes
21,Australia,Walking On The Water
21,Australia,"Suzie-Q, Pt. 2"
22,Chile,Good Golly Miss Molly
22,Chile,Wrote A Song For Everyone
23,India,Cotton Fields
23,India,Don't Look Now
23,India,Before You Accuse Me
23,India,Pagan Baby
24,Norway,Born To Move
24,Norway,Brasil
24,Norway,Coroné Antonio Bento
24,Norway,Música Urbana 2
24,Norway,Woman Is The Nigger Of The World (Ao Vivo)
24,Norway,Smells Like Teen Spirit (Ao Vivo)
25,Brazil,Admirável Gado Novo
25,Brazil,Mis Penas Lloraba Yo (Ao Vivo) Soy Gitano (Tangos)
25,Brazil,Drifter
25,Brazil,Child In Time
25,Brazil,No No No
25,Brazil,Knocking At Your Back Door
25,Brazil,The Unwritten Law
25,Brazil,Maybe I'm A Leo
25,Brazil,Vavoom : Ted The Mechanic
26,USA,Hey Cisco
26,USA,Fortuneteller
26,USA,High Ball Shooter
26,USA,A Twist In The Tail
26,USA,Animal
26,USA,Hysteria
26,USA,"Baltimore, DC"
26,USA,Esquinas
26,USA,Açai
26,USA,Um Amor Puro
26,USA,Fascinação
26,USA,Sunshine Of Your Love
26,USA,Lay Down Sally
26,USA,Tears In Heaven
27,Canada,Naked In Front Of The Computer
28,Portugal,Helpless
28,Portugal,Mouth To Mouth
29,Germany,She Loves Me Not
29,Germany,Paths Of Glory
30,Germany,Pristina
30,Germany,Caffeine
30,Germany,RV
30,Germany,Everything's Ruined
31,France,A Small Victory
31,France,Easy
31,France,The Gentle Art Of Making Enemies
31,France,Ugly In The Morning
31,France,What A Day
31,France,From Out Of Nowhere
32,Netherlands,Underwater Love
32,Netherlands,Falamansa Song
32,Netherlands,Avisa
32,Netherlands,Desaforo
32,Netherlands,The Last Song
32,Netherlands,What If I Do?
32,Netherlands,Virginia Moon
32,Netherlands,Times Like These
32,Netherlands,Burn Away
33,Chile,See You
33,Chile,I Get A Kick Out Of You
33,Chile,Fly Me To The Moon
33,Chile,Mack The Knife
33,Chile,Funk Hum
33,Chile,Forty Days Instrumental
33,Chile,Pau-De-Arara
33,Chile,Stir It Up (Live)
33,Chile,A Novidade (Live)
33,Chile,Realce
33,Chile,Aquele Abraço
33,Chile,Re-Align
33,Chile,Holiday
33,Chile,Homecoming / The Death Of St. Jimmy / East 12th St. / Nobody Likes You / Rock And Roll Girlfriend / We're Coming Home Again
34,Brazil,Right Next Door to Hell
35,Brazil,Dust N' Bones
35,Brazil,Live and Let Die
36,Canada,Perfect Crime
36,Canada,Bad Obsession
37,USA,Double Talkin' Jive
37,USA,The Garden
37,USA,Don't Damn Me
37,USA,Dead Horse
38,USA,Yesterdays
38,USA,Breakdown
38,USA,Estranged
38,USA,Colibri
38,USA,L'Arc En Ciel De Miles
38,USA,Millenium
39,USA,These Colours Don't Run
39,USA,For the Greater Good of God
39,USA,Prowler
39,USA,Run To The Hilss
39,USA,Can I Play With Madness
39,USA,Heaven Can Wait
39,USA,Blood Brothers
39,USA,The Thin Line Between Love & Hate
39,USA,Gates Of Tomorrow
40,Germany,Fear Is The Key
40,Germany,01 - Prowler
40,Germany,The Ides Of March
40,Germany,Drifter
40,Germany,The Number Of The Beast
40,Germany,Phantom Of The Opera
40,Germany,Afraid To Shoot Strangers
40,Germany,The Trooper
40,Germany,Run Silent Run Deep
40,Germany,Still Life
40,Germany,Back in the Village
40,Germany,Blood Brothers
40,Germany,The Number Of The Beast
40,Germany,The Prophecy
41,Spain,Hallowed Be Thy Name
42,Sweden,Invaders
42,Sweden,Run to the Hills
43,United Kingdom,The Prisoner
43,United Kingdom,Lord Of The Flies
44,Australia,Fortunes Of War
44,Australia,The Aftermath
44,Australia,Blood On The World's Hands
44,Australia,2 A.M.
45,India,Lightning Strikes Twice
45,India,Don't Look To The Eyes Of A Stranger
45,India,Night Train
45,India,It's A Man's Man's Man's World
45,India,Hey America
45,India,Get Up Offa That Thing
46,Czech Republic,When You Gonna Learn (Digeridoo)
46,Czech Republic,"Whatever It Is, I Just Can't Stop"
46,Czech Republic,Black Capricorn Day
46,Czech Republic,Were Do We Go From Here
46,Czech Republic,Light Years
46,Czech Republic,Morning Glory
46,Czech Republic,Get What You Need
46,Czech Republic,Take It Or Leave It
46,Czech Republic,Can You See Me
47,Canada,Stone Free
47,Canada,Satch Boogie
47,Canada,Salve Simpatia
47,Canada,Filho Maravilha
47,Canada,Dance Enquanto é Tempo
47,Canada,Voce Inteira
47,Canada,Enquanto O Dia Não Vem
47,Canada,Turbo Lover
47,Canada,Plaster Caster
47,Canada,Every Time I Look At You
47,Canada,Dazed And Confused
47,Canada,Walter's Walk
47,Canada,Dancing Days
47,Canada,All My Love
48,Canada,Your Time Is Gonna Come
49,Canada,Black Mountain Side
49,Canada,Communication Breakdown
50,Canada,How Many More Times
50,Canada,What Is And What Should Never Be
51,Portugal,Thank You
51,Portugal,Living Loving Maid (She's Just A Woman)
51,Portugal,Moby Dick
51,Portugal,Immigrant Song
52,Germany,Out On The Tiles
52,Germany,Bron-Y-Aur Stomp
52,Germany,Down By The Seaside
52,Germany,Boogie With Stu
52,Germany,For Your Life
52,Germany,Hots On For Nowhere
53,Finland,Dazed And Confused
53,Finland,L'Avventura
53,Finland,Soul Parsifal
53,Finland,Quando Você Voltar
53,Finland,Tempo Perdido
53,Finland,Meninos E Meninas
53,Finland,Are You Gonna Go My Way
53,Finland,Mr. Cab Driver
53,Finland,Believe
54,United Kingdom,Condição
54,United Kingdom,Aquilo
54,United Kingdom,Assaltaram A Gramática
54,United Kingdom,Waterhole (Expresso Bongo)
54,United Kingdom,Tempos Modernos
54,United Kingdom,Dança Da Solidão
54,United Kingdom,When I Had Your Love
54,United Kingdom,Save The Children
54,United Kingdom,Down by the Sea
54,United Kingdom,The Unforgiven
54,United Kingdom,Helpless
54,United Kingdom,Stone Cold Crazy
54,United Kingdom,Motorbreath
54,United Kingdom,2 X 4
55,Belgium,Master Of Puppets
56,Denmark,The Thing That Should Not Be
56,Denmark,Welcome Home (Sanitarium)
57,Brazil,Leper Messiah
57,Brazil,Damage Inc.
58,Brazil,The Memory Remains
58,Brazil,The Unforgiven II
58,Brazil,Slither
58,Brazil,Bad Seed
59,USA,Attitude
59,USA,For Whom The Bell Tolls
59,USA,Creeping Death
59,USA,Some Kind Of Monster
59,USA,Shoot Me Again
59,USA,All Within My Hands
60,USA,Harvester Of Sorrow
60,USA,The Duke
60,USA,Lament
60,USA,Coração De Estudante
60,USA,Menestrel Das Alagoas
60,USA,"Maria, Maria"
60,USA,Ponta de Areia
60,USA,Norwegian Wood
60,USA,Fast And Loose
61,Canada,Please Don't Touch
61,Canada,Já Foi
61,Canada,Wild Side
61,Canada,Primal Scream
61,Canada,Been A Son
61,Canada,Breed
61,Canada,Territorial Pissings
61,Canada,Folhas Secas
61,Canada,Menino De Rua
61,Canada,Denúncia
61,Canada,O Trem Da Juventude
61,Canada,Selvagem
61,Canada,Nebulosa Do Amor
61,Canada,Luis Inacio (300 Picaretas)
62,Ireland,Perplexo
63,Italy,Me Liga
63,Italy,Quase Um Segundo
64,Poland,Romance Ideal
64,Poland,SKA
65,Sweden,I Don't Know
65,Sweden,Flying High Again
65,Sweden,No More Tears
65,Sweden,Crazy Train
66,Australia,Relvelation (Mother Earth)
66,Australia,Children Of The Grave
66,Australia,Dee
66,Australia,Blue Train
66,Australia,Walking Into Clarksdale
66,Australia,Sons Of Freedom
67,Germany,Beach Sequence
67,Germany,Plot 180
67,Germany,Murders In The Rue Morgue
67,Germany,Iron Maiden
67,Germany,Untitled
67,Germany,Nothingman
67,Germany,World Wide Suicide
67,Germany,Big Wave
67,Germany,Can't Keep
68,Brazil,Green Disease
68,Brazil,Why Go
68,Brazil,Animal
68,Brazil,Leash
68,Brazil,Wanted Dread And Alive
68,Brazil,The Great Gig In The Sky
68,Brazil,Bossa
68,Brazil,Nega Do Cabelo Duro
68,Brazil,You're My Best Friend
68,Brazil,Seven Seas Of Rhye
68,Brazil,"Get Down, Make Love"
68,Brazil,Get Up
68,Brazil,Untitled
68,Brazil,Be Mine
69,USA,Carnival Of Sorts
70,USA,Radio Free Aurope
70,USA,Perfect Circle
71,USA,So Central Rain
71,USA,Pretty Persuasion
72,Canada,Can't Get There From Here
72,Canada,Fall On Me
72,Canada,Cuyahoga
72,Canada,The Finest Worksong
73,Portugal,Papeau Nuky Doe
73,Portugal,Esporrei Na Manivela
73,Portugal,Maluco Beleza
73,Portugal,As Profecias
73,Portugal,Que Luz É Essa
73,Portugal,Século XXI
74,France,Suck My Kiss
74,France,Under The Bridge
74,France,They're Red Hot
74,France,The Zephyr Song
74,France,Tear
74,France,Parallel Universe
74,France,Porcelain
74,France,Right On Time
74,France,Xanadu
75,Poland,Finding My Way
75,Poland,Evil Ways
75,Poland,It's Only Love
75,Poland,So Beautiful
75,Poland,Maquinarama
75,Poland,Garota Nacional
75,Poland,Aeroplane Flies High
75,Poland,Saturnine
75,Poland,Cherub Rock
75,Poland,Ava Adore
75,Poland,Hands All Over
75,Poland,Pretty Noose
75,Poland,Starburst
75,Poland,Leave My Girl Alone
76,Norway,Plush
77,Czech Republic,Wet My Bed
77,Czech Republic,Crackerman
78,Austria,Soldier Side - Intro
78,Austria,Revenga
79,Denmark,Radio/Video
79,Denmark,Violent Pornography
79,Denmark,Sad Statue
79,Denmark,Lost in Hollywood
80,Brazil,Black Light Syndrome
80,Brazil,Midnight From The Inside Out
80,Brazil,Sometimes Salvation
80,Brazil,Girl From A Pawnshop
80,Brazil,Title Song
80,Brazil,Soul Singing
81,USA,Clash City Rockers
81,USA,Train In Vain
81,USA,Know Your Rights
81,USA,Take The Power
81,USA,Speed Of Light
81,USA,Spirit Walker
81,USA,Edie (Ciao Baby)
81,USA,Sun King
81,USA,Twentienth Century Fox
82,USA,Can't Stand Losing You
82,USA,King Of Pain
82,USA,Get Off Of My Cloud
82,USA,Gimmie Shelters
82,USA,Thief In The Night
82,USA,Out Of Tears
82,USA,Walking Wounded
82,USA,Heaven Coming Down
82,USA,Gyroscope
82,USA,"Anyway, Anyhow, Anywhere"
82,USA,Pinball Wizard
82,USA,You Better You Bet
82,USA,Música No Ar
82,USA,Você
83,France,Go Back
84,France,Prá Dizer Adeus
84,France,Família
85,Hungary,O Pulso
85,Hungary,Nem 5 Minutos Guardados
86,Italy,Palavras
86,Italy,A Melhor Forma
86,Italy,32 Dentes
86,Italy,Não Vou Lutar
87,Sweden,Querem Meu Sangue
87,Sweden,Lugar Nenhum
87,Sweden,Domingo
87,Sweden,Era Uma Vez
87,Sweden,Toda Cor
87,Sweden,Occupation / Precipice
88,Chile,Hero
88,Chile,The Woman King
88,Chile,"Crossroads, Pt. 2"
88,Chile,Better Halves
88,Chile,The Fix
88,Chile,Parasite
88,Chile,The Glass Ballerina
88,Chile,Walkabout
88,Chile,I Do
89,Austria,Solitary
89,Austria,Fire + Water
89,Austria,Homecoming
89,Austria,Dave
89,Austria,Born to Run
89,Austria,One
89,Austria,Love Is Blindness
89,Austria,When I Look At The World
89,Austria,Everlasting Love
89,Austria,Vertigo
89,Austria,Original Of The Species
89,Austria,Miami
89,Austria,All Along The Watchtower
89,Austria,God Part II
90,USA,Desire
91,USA,When Love Comes To Town
91,USA,Angel Of Harlem
92,USA,Sunday Bloody Sunday
92,USA,New Year's Day
93,USA,Drowning Man
93,USA,Two Hearts Beat As One
93,USA,Surrender
93,USA,Zooropa
94,Canada,"Stay (Faraway, So Close!)"
94,Canada,Dirty Day
94,Canada,I Would Do For You
94,Canada,Wear You To The Ball
94,Canada,C'est La Vie
94,Canada,Where Have All The Good Times Gone?
95,Germany,Dancing In The Street
95,Germany,Eruption
95,Germany,Jump
95,Germany,Right Now
95,Germany,Eruption
95,Germany,Feel Your Love Tonight
95,Germany,One I Want
95,Germany,Year to the Day
95,Germany,Big Machine
96,Hungary,Dirty Little Thing
96,Hungary,So Por Amor
96,Hungary,Here I Go Again
96,Hungary,The Deeper The Love
96,Hungary,Seu Balancê
96,Hungary,Sapopemba e Maxambomba
96,Hungary,The Man Behind the Curtain
96,Hungary,The Dundies
96,Hungary,Christmas Party
96,Hungary,Michael's Birthday
96,Hungary,Diwali
96,Hungary,Phyllis's Wedding
96,Hungary,How to Stop an Exploding Man
96,Hungary,The Long Patrol
97,India,Baltar's Escape
98,Brazil,Experiment In Terra
98,Brazil,Take the Celestra
99,Canada,Pilot
99,Canada,"Through the Looking Glass, Pt. 1"
100,Czech Republic,#9 Dream
100,Czech Republic,Give Peace a Chance
100,Czech Republic,Whatever Gets You Thru the Night
100,Czech Republic,Gimme Some Truth
101,Denmark,Jealous Guy
101,Denmark,Beautiful Boy
101,Denmark,Gimme Some Truth
101,Denmark,Sympton of the Universe
101,Denmark,War Pigs
101,Denmark,Never Say Die
102,Canada,The Zoo
102,Canada,I Can't Explain
102,Canada,Put Your Head Out
102,Canada,"Danny Boy, Danny Boy"
102,Canada,One For The Road
102,Canada,Chapa o Coco
102,Canada,Todo o Carnaval tem seu Fim
102,Canada,Funk de Bamba
102,Canada,The Beginning of the End
103,USA,Meet Kevin Johnson
103,USA,Muita Bobeira
103,USA,Say Hello 2 Heaven
103,USA,All Night Thing
103,USA,Scar On the Sky
103,USA,Until We Fall
103,USA,Show Me How to Live (Live at the Quart Festival)
103,USA,"The Messiah: Behold, I Tell You a Mystery... The Trumpet Shall Sound"
103,USA,"Requiem, Op.48: 4. Pie Jesu"
103,USA,Branch Closing
103,USA,"Piano Sonata No. 14 in C Sharp Minor, Op. 27, No. 2, ""Moonlight"": I. Adagio sostenuto"
103,USA,"Symphonie Fantastique, Op. 14: V. Songe d'une nuit du sabbat"
103,USA,Rehab
103,USA,He Can Only Hold Her
104,Germany,Slowness
105,France,"Prometheus Overture, Op. 43"
105,France,Sonata for Solo Violin: IV: Presto
106,France,"Suite No. 3 in D, BWV 1068: III. Gavotte I & II"
106,France,Adios nonino
107,France,"Act IV, Symphony"
107,France,"Music for the Funeral of Queen Mary: VI. ""Thou Knowest, Lord, the Secrets of Our Hearts"""
107,France,"Partita in E Major, BWV 1006A: I. Prelude"
107,France,Sing Joyfully
108,Italy,"Étude 1, In C Major - Preludio (Presto) - Liszt"
108,Italy,"String Quartet No. 12 in C Minor, D. 703 ""Quartettsatz"": II. Andante - Allegro assai"
108,Italy,For Those About To Rock (We Salute You)
108,Italy,Princess of the Dawn
108,Italy,Snowballed
108,Italy,Night Of The Long Knives
109,United Kingdom,Problem Child
109,United Kingdom,Rag Doll
109,United Kingdom,Blind Man
109,United Kingdom,Livin' On The Edge
109,United Kingdom,Forgiven
109,United Kingdom,Wake Up
109,United Kingdom,I Can't Remember
109,United Kingdom,I Know Somethin (Bout You)
109,United Kingdom,Ligia
110,Canada,"Canta, Canta Mais"
110,Canada,Cochise
110,Canada,Hypnotize
110,Canada,Drown Me Slowly
110,Canada,Long Tall Sally
110,Canada,Good Golly Miss Molly
110,Canada,Do what cha wanna
110,Canada,A.N.D.R.O.T.A.Z.
110,Canada,The Beginning...At Last
110,Canada,Tomorrow's Dream
110,Canada,Smoked Pork
110,Canada,Voodoo
110,Canada,Chemical Wedding
110,Canada,Realword
111,USA,Meditação
112,USA,Terra
112,USA,Eclipse Oculto
113,USA,Bem Devagar
113,USA,Saudosismo
114,USA,Sozinho
114,USA,Mel
114,USA,Odara
114,USA,Atrás Da Verd-E-Rosa Só Não Vai Quem Já Morreu
115,USA,Sozinho (Caêdrum 'n' Bass)
115,USA,Samba De Orly
115,USA,O Que Será (À Flor Da Terra)
115,USA,Minha Historia
115,USA,Geni E O Zepelim
115,USA,Construção / Deus Lhe Pague
116,Canada,Um Passeio No Mundo Livre
116,Canada,Manguetown
116,Canada,Criança De Domingo
116,Canada,Banditismo Por Uma Questa
116,Canada,Da Lama Ao Caos
116,Canada,Computadores Fazem Arte
116,Canada,Extra
116,Canada,Onde Você Mora?
116,Canada,Onde Você Mora?
117,France,Na Frente Da TV
117,France,Amor Demais
117,France,"Tapa Aqui, Descobre Ali"
117,France,My Love
117,France,Travelling Riverside Blues
117,France,Sam With The Showing Scalp Flat Top
117,France,Gavioes 2001
117,France,Morro Da Casa Verde 2001
117,France,Samba da Bençaco
117,France,Maria Fumaça
117,France,Only A Dream In Rio
117,France,Só Tinha De Ser Com Você
117,France,Whiskey In The Jar
117,France,It's A Hard Life
118,Australia,Sure Know Something
119,Argentina,Love Gun
119,Argentina,Deuce
120,India,Shock Me
120,India,She
121,Brazil,Shout It Out Loud
121,Brazil,Calling Dr. Love
121,Brazil,Strutter
121,Brazil,Cold Gin
122,Czech Republic,De La Luz
122,Czech Republic,Surrender
122,Czech Republic,When Evening Falls
122,Czech Republic,Poprocks And Coke
122,Czech Republic,When I Come Around
122,Czech Republic,Brain Stew
123,Brazil,Redundant
123,Brazil,Into The Light
123,Brazil,Cry For Love
123,Brazil,Grito De Alerta
123,Brazil,Lindo Lago Do Amor
123,Brazil,Ponto De Interrogação
123,Brazil,Voce Nao Entende Nada - Cotidiano
123,Brazil,O Leaozinho
123,Brazil,Top Top
124,USA,"Posso Perder Minha Mulher, Minha Mãe, Desde Que Eu Tenha O Rock And Roll"
124,USA,You Fool No One
124,USA,Viradouro
124,USA,Tradição
124,USA,Maria Maria
124,USA,Entre E Ouça
124,USA,Agora Que O Dia Acordou
124,USA,Bye Bye Blackbird
124,USA,Nefertiti
124,USA,Going Down / Highway Star
124,USA,Boogie Blues
124,USA,Don't Take Your Love From Me
124,USA,Onde Anda Você
124,USA,Deixa
125,Portugal,As Rosas Não Falam (Beth Carvalho)
126,Portugal,Wave (Os Cariocas)
126,Portugal,Garota de Ipanema (Dick Farney)
127,Germany,Susie Q
127,Germany,Proud Mary
128,France,Lodi
128,France,Commotion
128,France,Fortunate Son
128,France,Who'll Stop The Rain
129,France,Long As I Can See The Light
129,France,Sweet Hitch-Hiker
129,France,Born On The Bayou
129,France,Night Time Is The Right Time
129,France,The Midnight Special
129,France,(Wish I Could) Hideaway
130,Poland,Gatas Extraordinárias
130,Poland,"Você Passa, Eu Acho Graça (Ao Vivo)"
130,Poland,Não Sei O Que Eu Quero Da Vida
130,Poland,E.C.T.
130,Poland,Eleanor Rigby
130,Poland,Comin' Home
130,Poland,Love Child
130,Poland,Flight Of The Rat
130,Poland,Strange Kind Of Woman
131,India,Black Night
131,India,Pictures Of Home
131,India,Cascades : I'm Not Your Lover
131,India,The Cut Runs Deep
131,India,Love Don't Mean a Thing
131,India,Lick It Up
131,India,Pour Some Sugar On Me
131,India,Action
131,India,Groovus Interruptus
131,India,Cigano
131,India,Acelerou
131,India,Azul
131,India,"Dois Pra Lá, Dois Pra Cá"
131,India,Maria Rosa
132,Brazil,Lay Down Sally
133,Canada,Knockin On Heavens Door
133,Canada,Wonderful Tonight
134,USA,Promises
134,USA,Signe
135,USA,Hey Hey
135,USA,Lonely Stranger
135,USA,Layla
135,USA,Walkin' Blues
136,USA,Old Love
136,USA,Last Cup Of Sorrow
136,USA,Ashes To Ashes
136,USA,Home Sick Home
136,USA,Midlife Crisis
136,USA,Malpractice
137,USA,Midnight Cowboy
137,USA,Star A.D.
137,USA,King For A Day
137,USA,Epic
137,USA,The Morning After
137,USA,Xote Dos Milagres
137,USA,Principiando/Decolagem
137,USA,In Your Honor
137,USA,Free Me
138,Germany,Over And Out
138,Germany,Disenchanted Lullaby
138,Germany,"Hey, Johnny Park!"
138,Germany,Walking After You
138,Germany,Summer Love
138,Germany,Come Fly With Me
138,Germany,Nervosa
138,Germany,Meu Guarda-Chuva
138,Germany,Juazeiro
138,Germany,Lamento Sertanejo
138,Germany,Estrela (Live)
138,Germany,Lamento De Carnaval
138,Germany,Beira Mar
138,Germany,Straight Out Of Line
139,Sweden,Holiday
140,United Kingdom,Boulevard Of Broken Dreams
140,United Kingdom,Are We The Waiting
141,United Kingdom,Give Me Novacaine
141,United Kingdom,Extraordinary Girl
142,Argentina,Wake Me Up When September Ends
142,Argentina,Whatsername
142,Argentina,It's So Easy
142,Argentina,Out Ta Get Me
143,Brazil,Think About You
143,Brazil,Rocket Queen
143,Brazil,Don't Cry (Original)
143,Brazil,Back off Bitch
143,Brazil,Garden of Eden
143,Brazil,Coma
144,Austria,Shotgun Blues
144,Austria,You Could Be Mine
144,Austria,Deep Waters
144,Austria,Thinking 'Bout Tomorrow
144,Austria,Brighter Than a Thousand Suns
144,Austria,Lord of Light
144,Austria,Transylvania
144,Austria,2 Minutes To Midnight
144,Austria,Wasting Love
145,USA,Ghost Of The Navigator
145,USA,Wildest Dreams
145,USA,Age Of Innocence
145,USA,Chains Of Misery
145,USA,05 - Phantom of the Opera
145,USA,Genghis Khan
145,USA,The Trooper
145,USA,Running Free
145,USA,From Here To Eternity
145,USA,Heaven Can Wait
145,USA,Holy Smoke
145,USA,Where Eagles Dare
145,USA,Aces High
145,USA,The Wicker Man
146,Canada,The Number Of The Beast
147,Canada,Hallowed Be Thy Name
147,Canada,Sanctuary
148,Canada,Moonchild
148,Canada,Can I Play With Madness
149,Portugal,Seventh Son of a Seventh Son
149,Portugal,The Clairvoyant
149,Portugal,Caught Somewhere in Time
149,Portugal,Sea of Madness
150,France,De Ja Vu
150,France,Gangland
150,France,The Number Of The Beast
150,France,Man On The Edge
150,France,Judgement Of Heaven
150,France,The Unbeliever
151,Hungary,The Educated Fool
151,Hungary,Out Of Sight
151,Hungary,Get Up (I Feel Like Being A) Sex Machine
151,Hungary,It's Too Funky In Here
151,Hungary,Too Young To Die
151,Hungary,Blow Your Mind
151,Hungary,Soul Education
151,Hungary,King For A Day
151,Hungary,Manifest Destiny
152,United Kingdom,Rollover D.J.
152,United Kingdom,Lazy Gun
152,United Kingdom,Fire
152,United Kingdom,Highway Chile
152,United Kingdom,Midnight
152,United Kingdom,Charles Anjo 45
152,United Kingdom,Vou Pra Ai
152,United Kingdom,Onibusfobia
152,United Kingdom,Papelão
152,United Kingdom,Hot Rockin'
152,United Kingdom,Ram It Down
152,United Kingdom,Sure Know Something
152,United Kingdom,Rock And Roll All Nite
152,United Kingdom,Whole Lotta Love (Medley)
153,Denmark,Dancing Days
154,Brazil,D'Yer Mak'er
154,Brazil,No Quarter
155,Brazil,In The Evening
155,Brazil,Fool In The Rain
156,Canada,Carouselambra
156,Canada,I'm Gonna Crawl
156,Canada,Rock & Roll
156,Canada,Stairway To Heaven
157,USA,When The Levee Breaks
157,USA,Dazed and Confused
157,USA,I Can't Quit You Baby
157,USA,The Lemon Song
157,USA,Ramble On
157,USA,Friends
158,USA,That's The Way
158,USA,Ten Years Gone
158,USA,Achilles Last Stand
158,USA,Tea For One
158,USA,No Quarter
158,USA,Música De Trabalho
158,USA,Dezesseis
158,USA,O Livro Dos Dias
158,USA,Indios
159,Canada,Dezesseis
159,Canada,American Woman
159,Canada,Honolulu
159,Canada,Brumário
159,Canada,Tudo Bem
159,Canada,Pseudo Silk Kimono
159,Canada,White Feather
159,Canada,De Noite Na Cama
159,Canada,O Xote Das Meninas
159,Canada,Seek And You Shall Find
159,Canada,Heavy Love Affair
159,Canada,Shakes and Ladders
159,Canada,Nothing Else Matters
159,Canada,Last Caress/Green Hell
160,Italy,Motorbreath
161,Netherlands,Jump In The Fire
161,Netherlands,(Anesthesia) Pulling Teeth
162,Spain,Phantom Lord
162,Spain,Seek & Destroy
163,United Kingdom,Ain't My Bitch
163,United Kingdom,The House Jack Built
163,United Kingdom,King Nothing
163,United Kingdom,Bleeding Me
164,Argentina,Mama Said
164,Argentina,Battery
164,Argentina,Disposable Heroes
164,Argentina,Fuel
164,Argentina,Better Than You
164,Argentina,Where The Wild Things Are
165,Canada,Ride The Lightning
165,Canada,The Call Of Ktulu
165,Canada,My World
165,Canada,Blackened
165,Canada,The Frayed Ends Of Sanity
165,Canada,My Ship
165,Canada,I Don't Wanna Be Kissed (By Anyone But You)
165,Canada,A Noite Do Meu Bem
165,Canada,Brasil
166,Brazil,Saudade Dos Aviões Da Panair (Conversando No Bar)
166,Brazil,Caso Você Queira Saber
166,Brazil,Dance
166,Brazil,Aos Leões
166,Brazil,Demorou!
166,Brazil,Home Sweet Home
166,Brazil,Intro
166,Brazil,Scentless Apprentice
166,Brazil,In Bloom
166,Brazil,On A Plain
166,Brazil,Mundaréu
166,Brazil,Nossa Gente (Avisa Là)
166,Brazil,Revolta Olodum
166,Brazil,Vai Valer
167,USA,Nebulosa Do Amor
168,USA,Caleidoscópio
168,USA,Trac Trac
169,Canada,Mensagen De Amor (2000)
169,Canada,La Bella Luna
170,Canada,Uma Brasileira
170,Canada,Saber Amar
170,Canada,O Amor Nao Sabe Esperar
170,Canada,Caleidoscópio
171,Portugal,Lanterna Dos Afogados
171,Portugal,Meu Erro
171,Portugal,Selvagem
171,Portugal,Bark at the Moon
171,Portugal,"Mama, I'm Coming Home"
171,Portugal,Believer
172,France,Iron Man
172,France,Shining In The Light
172,France,Heart In Your Hand
172,France,United Colours
172,France,Miss Sarajevo
172,France,Theme From The Swan
172,France,Women In Uniform
172,France,Corduroy
172,France,MFC
173,Spain,F*Ckin' Up
173,Spain,Gone
173,Spain,Ghost
173,Spain,Arc
173,Spain,Porch
173,Spain,W.M.A.
173,Spain,Jah Seh No
173,Spain,Crystal Ball
173,Spain,Brain Damage
173,Spain,O Bicho Tá Pregando
173,Spain,Bohemian Rhapsody
173,Spain,Somebody To Love
173,Spain,We Are The Champions
173,Spain,My Melancholy Blues
174,Czech Republic,Untitled
175,Czech Republic,How The West Was Won And Where It Got Us
175,Czech Republic,The Wake-Up Bomb
176,Belgium,Undertow
176,Belgium,Leave
177,Brazil,Bittersweet Me
177,Brazil,Binky The Doormat
177,Brazil,"So Fast, So Numb"
177,Brazil,Electrolite
178,Canada,Endgame
178,Canada,Country Feedback
178,Canada,Talk About The Passion
178,Canada,Green Grow The Rushes
178,Canada,I Believe
178,Canada,It's The End Of The World As We Know It (And I Feel Fine)
179,USA,Puteiro Em João Pessoa
179,USA,O Dia Em Que A Terra Parou
179,USA,Todo Mundo Explica
179,USA,Rock Das Aranhas (Ao Vivo) (Live)
179,USA,I Could Have Lied
179,USA,Naked In The Rain
179,USA,By The Way
179,USA,Can't Stop
179,USA,On Mercury
180,Canada,Californication
180,Canada,Road Trippin'
180,Canada,Closer To The Heart
180,Canada,Persuasion
180,Canada,Funky Piano
180,Canada,Stars
180,Canada,Três Lados
180,Canada,Ali
180,Canada,Um Dia Qualquer
180,Canada,My Mistake
180,Canada,Soot & Stars
180,Canada,Bullet With Butterfly Wings
180,Canada,Real Love
180,Canada,Rusty Cage
181,France,Starburst
182,Finland,Heliopolis
182,Finland,It Doesn't Matter
183,Ireland,End Of Romanticism
183,Ireland,Crossfire
184,Netherlands,Let Me Love You Baby
184,Netherlands,Travis Walk
184,Netherlands,Scratch-N-Sniff
184,Netherlands,Riviera Paradise
185,United Kingdom,No Memory
185,United Kingdom,Piece Of Pie
185,United Kingdom,Where The River Goes
185,United Kingdom,Cigaro
185,United Kingdom,Question!
185,United Kingdom,The Sun Road
186,India,Chaos-Control
186,India,Cursed Diamonds
186,India,High Head Blues
186,India,Hard To Handle
186,India,(White Man) In Hammersmith Palais
186,India,Bankrobber
186,India,Rock The Casbah
186,India,Breathe
186,India,True Believers
187,Belgium,Love Removal Machine
187,Belgium,Sweet Soul Sister
187,Belgium,I Looked At You
187,Belgium,"De Do Do Do, De Da Da Da"
187,Belgium,Time Is On My Side
187,Belgium,Under My Thumb
187,Belgium,Saint Of Me
187,Belgium,You Got Me Rocking
187,Belgium,Suck On The Jugular
187,Belgium,Sister Awake
187,Belgium,Life Line
187,Belgium,Babylon
187,Belgium,Boris The Spider
187,Belgium,Let's See Action
188,USA,Música No Ar
189,USA,Salve Nossa Senhora
189,USA,Você Fugiu
190,USA,Compadre
190,USA,Réu Confesso
191,USA,Gostava Tanto De Você
191,USA,Não Quero Dinheiro
191,USA,A Festa Do Santo Reis
191,USA,Padre Cícero
192,Canada,Balanço
192,Canada,Comida
192,Canada,Os Cegos Do Castelo
192,Canada,Flores
192,Canada,Cabeça Dinossauro
192,Canada,Homem Primata (Vinheta)
193,Germany,Sonifera Ilha
193,Germany,Amanhã Não Se Sabe
193,Germany,Eu E Ela
193,Germany,"Exodus, Pt. 1"
193,Germany,Unfinished Business
193,Germany,A Day In the Life
193,Germany,Genesis
193,Germany,Nothing to Hide
193,Germany,Distractions
194,Ireland,Adrift
194,Ireland,...And Found
194,Ireland,The Other 48 Days
194,Ireland,The 23rd Psalm
194,Ireland,The Long Con
194,Ireland,The Whole Truth
194,Ireland,S.O.S.
194,Ireland,Exodus (Part 2) [Season Finale]
194,Ireland,The Fly
194,Ireland,Walk On
194,Ireland,Spanish Eyes
194,Ireland,Hallelujah Here She Comes
194,Ireland,City Of Blinding Lights
194,Ireland,Mofo
195,Brazil,All Along The Watchtower
196,Germany,I Still Haven't Found What I'm Looking for
196,Germany,Freedom For My People
197,Norway,Pride (In The Name Of Love)
197,Norway,Love Rescue Me
198,Czech Republic,Heartland
198,Czech Republic,The Star Spangled Banner
198,Czech Republic,All I Want Is You
198,Czech Republic,New Year's Day
199,Brazil,Bad
199,Brazil,Sweetest Thing
199,Brazil,All I Want Is You
199,Brazil,Like A Song...
199,Brazil,Red Light
199,Brazil,Babyface
200,USA,The First Time
200,USA,Homely Girl
200,USA,Bring Me Your Cup
200,USA,Hang 'Em High
200,USA,Little Guitars (Intro)
200,USA,Ain't Talkin' 'bout Love
200,USA,Panama
200,USA,Can't Stop Loving You
200,USA,You Really Got Me
201,USA,Neworld
201,USA,Primary
201,USA,Headspace
201,USA,Tudo Na Mais Santa Paz
201,USA,Samba Do Jato
201,USA,Now You're Gone
201,USA,Faixa Amarela
201,USA,Sem Essa de Malandro Agulha
201,USA,Verdade
201,USA,Diversity Day
201,USA,Halloween
201,USA,The Carpet
201,USA,Gay Witch Hunt
201,USA,"A Benihana Christmas, Pts. 1 & 2"
202,France,How to Stop an Exploding Man
203,France,Through a Looking Glass
203,France,Your Time Is Gonna Come
204,France,"Battlestar Galactica, Pt. 2"
204,France,"Lost Planet of the Gods, Pt. 1"
205,Finland,The Lost Warrior
205,Finland,"The Gun On Ice Planet Zero, Pt. 1"
205,Finland,The Magnificent Warriors
205,Finland,"The Living Legend, Pt. 1"
206,Netherlands,"War of the Gods, Pt. 2"
206,Netherlands,"Greetings from Earth, Pt. 2"
206,Netherlands,The Hand of God
206,Netherlands,Instant Karma
206,Netherlands,Cold Turkey
206,Netherlands,"Oh, My Love"
207,United Kingdom,Imagine
207,United Kingdom,[Just Like] Starting Over
207,United Kingdom,Fairies Wear Boots
207,United Kingdom,"Sabbath, Bloody Sabbath"
207,United Kingdom,Loving You Sunday Morning
207,United Kingdom,Tease Me Please Me
207,United Kingdom,Top O' The Morning To Ya
207,United Kingdom,Guess Who's Back
207,United Kingdom,Feel It
208,Norway,Um Lugar ao Sol
208,Norway,Chega no Suingue
208,Norway,The Economist
208,Norway,Din Din Wo (Little Child)
208,Norway,Something Nice Back Home
208,Norway,Call Me a Dog
208,Norway,Safe and Sound
208,Norway,Disappearing Act
208,Norway,Shape of Things to Come
208,Norway,Canon and Gigue in D Major: I. Canon
208,Norway,"Symphony No. 104 in D Major ""London"": IV. Finale: Spiritoso"
208,Norway,"Jupiter, the Bringer of Jollity"
208,Norway,"Scheherazade, Op. 35: I. The Sea and Sindbad's Ship"
208,Norway,Two Fanfares for Orchestra: II. Short Ride in a Fast Machine
209,USA,Rehab
210,USA,You Know I'm No Good
210,USA,Me & Mr. Jones
211,USA,Back to Black
211,USA,Tears Dry On Their Own
212,USA,Some Unholy War
212,USA,You Know I'm No Good (feat. Ghostface Killah)
212,USA,Intro / Stronger Than Me
212,USA,F**k Me Pumps
213,USA,Take the Box
213,USA,Amy Amy Amy (Outro)
213,USA,"A Midsummer Night's Dream, Op.61 Incidental Music: No.7 Notturno"
213,USA,"Symphony No. 3 Op. 36 for Orchestra and Soprano ""Symfonia Piesni Zalosnych"" \ Lento E Largo - Tranquillissimo"
213,USA,Symphony No. 2: III. Allegro vivace
213,USA,"Metopes, Op. 29: Calypso"
214,Canada,Pini Di Roma (Pinien Von Rom) \ I Pini Della Via Appia
214,Canada,Balls to the Wall
214,Canada,Inject The Venom
214,Canada,Spellbound
214,Canada,Overdose
214,Canada,What It Takes
214,Canada,Deuces Are Wild
214,Canada,All I Really Want
214,Canada,You Learn
215,France,Sea Of Sorrow
215,France,Real Thing
215,France,Falando De Amor
215,France,The Unforgiven
215,France,Like a Stone
215,France,The Last Remaining Light
215,France,Yesterday To Tomorrow
215,France,C'Mon Everybody
215,France,"Spanish moss-""A sound portrait""-Spanish moss"
215,France,All For You
215,France,The Begining... At Last
215,France,N.I.B.
215,France,Snowblind
215,France,A Statistic
216,Argentina,Chemical Wedding
217,Chile,The Tower
217,Chile,Killing Floor
218,India,Gates Of Urizen
218,India,Trupets Of Jericho
219,Germany,The Alchemist
219,Germany,First Time I Met The Blues
219,Germany,Stone Crazy
219,Germany,When My Left Eye Jumps
220,Czech Republic,My Time After Awhile
220,Czech Republic,Prenda Minha
220,Czech Republic,"Texto ""Verdade Tropical"""
220,Czech Republic,Carolina
220,Czech Republic,Linha Do Equador
220,Czech Republic,Vida Boa
221,Brazil,Vai Passar
221,Brazil,Morena De Angola
221,Brazil,Meu Caro Amigo
221,Brazil,Mateus Enter
221,Brazil,Samba Do Lado
221,Brazil,Um Satélite Na Cabeça
221,Brazil,Amor De Muito
221,Brazil,Banditismo Por Uma Questa
221,Brazil,Maracatu De Tiro Certeiro
222,USA,Soldado Da Paz
222,USA,Pensamento
222,USA,Falar A Verdade
222,USA,Eu Também Quero Beijar
222,USA,Felicidade Urgente
222,USA,Levada do Amor (Ailoviu)
222,USA,Communication Breakdown
222,USA,I Can't Quit You Baby(2)
222,USA,Advance Romance
222,USA,Camisa Verde 2001
222,USA,Mas Que Nada
222,USA,Mistério da Raça
222,USA,Tarde Em Itapoã
222,USA,Um Jantar Pra Dois
223,Portugal,Whiskey In The Jar
224,Germany,Tuesday's Gone
224,Germany,The More I See
225,Germany,Under Pressure
225,Germany,I Want It All
226,France,Innuendo
226,France,Breakthru
226,France,Headlong
226,France,I'm Going Slightly Mad
227,Finland,The Show Must Go On
227,Finland,Hard Luck Woman
227,Finland,Goin' Blind
227,Finland,I Was Made For Loving You
227,Finland,Beth
227,Finland,Plaster Caster
228,Spain,Playtime
228,Spain,J Squared
228,Spain,Basket Case
228,Spain,Jaded
228,Spain,Nice Guys Finish Last
228,Spain,River Song
228,Spain,Living On Love
228,Spain,Não Dá Mais Pra Segurar (Explode Coração)
228,Spain,Eu Apenas Queria Que Voçê Soubesse
229,India,Um Indio
229,India,Fora Da Ordem
229,India,Chão De Estrelas
229,India,Stormbringer
229,India,Houses Of The Holy
229,India,Mangueira
229,India,Love Of My Life
229,India,El Farol
229,India,Um Love
229,India,Jeru
229,India,So What
229,India,Black Satin
229,India,Blue Rythm Fantasy
229,India,Bop Boogie
230,Canada,Onde Anda Você
231,Canada,Samba Da Volta
231,Canada,Canto De Ossanha
232,USA,Formosa
232,USA,Minha Namorada
233,USA,Berimbau
233,USA,Pot-Pourri N.º 2
233,USA,Carta Ao Tom 74
233,USA,Pela Luz dos Olhos Teus (Miúcha e Tom Jobim)
234,USA,Coração do Agreste (Fafá de Belém)
234,USA,Romaria (Renato Teixeira)
234,USA,Preciso Apender a Viver Só (Maysa)
234,USA,Bad Moon Rising
234,USA,Down On The Corner
234,USA,Up Around The Bend
235,Canada,Hey Tonight
235,Canada,Good Golly Miss Molly
235,Canada,Don't Look Now
235,Canada,It's Just A Thought
235,Canada,Brasil
235,Canada,Meu Mundo Fica Completo (Com Você)
235,Canada,Woman Is The Nigger Of The World (Ao Vivo)
235,Canada,Todo Amor Que Houver Nesta Vida
235,Canada,Socorro
236,Germany,I Need Love
236,Germany,Into The Fire
236,Germany,No One Came
236,Germany,Hush
236,Germany,Space Truckin'
236,Germany,A Touch Away
236,Germany,Love Conquers All
236,Germany,You Can't Do it Right (With the One You Love)
236,Germany,Ramshackle Man
236,Germany,Two Steps Behind [Acoustic Version]
236,Germany,Rock Of Ages
236,Germany,Outbreak
236,Germany,Álibi
236,Germany,Oceano
237,United Kingdom,"Dois Pra Lá, Dois Pra Cá"
238,United Kingdom,Casa no Campo
238,United Kingdom,Romaria
239,Australia,Me Deixas Louca
239,Australia,Saudosa Maloca
240,Chile,Madalena
240,Chile,Aprendendo A Jogar
240,Chile,Badge
240,Chile,Sunshine Of Your Love
241,Germany,Bell Bottom Blues
241,Germany,Swing Low Sweet Chariot
241,Germany,Let It Grow
241,Germany,Before You Accuse Me
241,Germany,Nobody Knows You When You're Down & Out
241,Germany,Alberta
242,Belgium,Stripsearch
242,Belgium,She Loves Me Not
242,Belgium,Caffeine
242,Belgium,Kindergarten
242,Belgium,Easy
242,Belgium,Cuckoo For Caca
242,Belgium,What A Day
242,Belgium,Falling To Pieces
242,Belgium,Woodpecker From Mars
243,USA,Zeca Violeiro
243,USA,No Way Back
243,USA,Still
243,USA,Razor
243,USA,Overdrive
243,USA,My Hero
243,USA,"New York, New York"
243,USA,My Kind Of Town
243,USA,"Bad, Bad Leroy Brown"
243,USA,Zambação
243,USA,Divirta-Se (Saindo Da Sua)
243,USA,Assum Preto
243,USA,Is This Love (Live)
243,USA,Copacabana (Live)
244,Canada,Beira Mar
245,Canada,Sampa
245,Canada,Parabolicamará
246,Portugal,Expresso 2222
246,Portugal,Palco
247,Germany,Sítio Do Pica-Pau Amarelo
247,Germany,Faceless
247,Germany,Make Me Believe
247,Germany,Re-Align
248,France,I Am
248,France,Jesus Of Suburbia / City Of The Damned / I Don't Care / Dearly Beloved / Tales Of Another Broken Home
248,France,St. Jimmy
248,France,Letterbomb
248,France,Welcome to the Jungle
248,France,Mr. Brownstone
249,Ireland,Anything Goes
249,Ireland,Perfect Crime
249,Ireland,The Garden
249,Ireland,Civil War
249,Ireland,Breakdown
249,Ireland,Don't Cry
249,Ireland,L'Arc En Ciel De Miles
249,Ireland,Jacob's Ladder
249,Ireland,The Pilgrim
250,Australia,The Trooper
250,Australia,Iron Maiden
250,Australia,Bring Your Daughter... To The Slaughter
250,Australia,Dream Of Mirrors
250,Australia,Dance Of Death
250,Australia,Afraid To Shoot Strangers
250,Australia,Fear Of The Dark
250,Australia,09 - Iron Maiden
250,Australia,Purgatory
250,Australia,Powerslave
250,Australia,Die With Your Boots On
250,Australia,The Evil That Men Do
250,Australia,Hallowed Be Thy Name
250,Australia,The Assassin
251,Brazil,Aces High
252,Brazil,2 Minutes To Midnight
252,Brazil,Losfer Words
253,Brazil,Duelists
253,Brazil,Powerslave
254,Canada,Intro
254,Canada,Ghost Of The Navigator
254,Canada,Wrathchild
254,Canada,Blood Brothers
255,USA,Dream Of Mirrors
255,USA,Iron Maiden
255,USA,Run To The Hills
255,USA,The Evil That Men Do
255,USA,Only the Good Die Young
255,USA,Heaven Can Wait
256,USA,Children of the Damned
256,USA,The Prisoner
256,USA,The Aftermath
256,USA,Futureal
256,USA,Don't Look To The Eyes Of A Stranger
256,USA,Papa's Got A Brand New Bag Pt.1
256,USA,Hey America
256,USA,Living In America
256,USA,Hooked Up
257,Portugal,Planet Home
257,Portugal,Deeper Underground
257,Portugal,Journey To Arnhemland
257,Portugal,Radio Song
257,Portugal,Red House
257,Portugal,Hey Joe
257,Portugal,"Always With Me, Always With You"
257,Portugal,Mama Africa
257,Portugal,Santa Clara Clareou
257,Portugal,Encontrar Alguém
257,Portugal,No Futuro
257,Portugal,Cafezinho
257,Portugal,You've Got Another Thing Comin'
257,Portugal,Comin' Home
258,Netherlands,Rock And Roll All Nite
259,Poland,Immigrant Song
259,Poland,Heartbreaker
260,Sweden,Black Dog
260,Sweden,Stairway To Heaven
261,United Kingdom,That's The Way
261,United Kingdom,Thank You
261,United Kingdom,Poor Tom
261,United Kingdom,Walter's Walk
262,Chile,Wearing And Tearing
262,Chile,The Crunge
262,Chile,The Ocean
262,Chile,Hot Dog
262,Chile,Black Dog
262,Chile,Misty Mountain Hop
263,Norway,You Shook Me
263,Norway,How Many More Times
263,Norway,Living Loving Maid (She's Just A Woman)
263,Norway,Celebration Day
263,Norway,Bron-Y-Aur Stomp
263,Norway,Night Flight
263,Norway,For Your Life
263,Norway,Rock & Roll
263,Norway,Stairway To Heaven
264,Brazil,Aloha
264,Brazil,Será
264,Brazil,Pais E Filhos
264,Brazil,Rock And Roll Is Dead
264,Brazil,I Belong To You
264,Brazil,Casa
264,Brazil,A Cura
264,Brazil,Sereia
264,Brazil,Heart Of Lothian: Wide Boy / Curtain Call
264,Brazil,Cérebro Eletrônico
264,Brazil,A Menina Dança
264,Brazil,You've Been A Long Time Coming
264,Brazil,"Abraham, Martin And John"
264,Brazil,Everything I Need
265,USA,Nothing Else Matters
266,USA,Of Wolf And Man
266,USA,The God That Failed
267,Canada,The Struggle Within
267,Canada,The Small Hours
268,Canada,Crash Course In Brain Surgery
268,Canada,Am I Evil?
268,Canada,Breadfan
268,Canada,Stone Cold Crazy
269,Germany,Damage Case
269,Germany,The Four Horsemen
269,Germany,Whiplash
269,Germany,Metal Militia
269,Germany,Until It Sleeps
269,Germany,Cure
270,France,The Outlaw Torn
270,France,Leper Messiah
270,France,The Unforgiven II
270,France,Prince Charming
270,France,For Whom The Bell Tolls
270,France,Frantic
270,France,Shoot Me Again
270,France,...And Justice For All
270,France,To Live Is To Die
271,Sweden,The Meaning Of The Blues
271,Sweden,Paisagem Na Janela
271,Sweden,Para Lennon E McCartney
271,Sweden,Idolatrada
271,Sweden,Live To Win
271,Sweden,Dirty Love
271,Sweden,É Fogo
271,Sweden,Kickstart My Heart
271,Sweden,Smokin' in The Boys Room
271,Sweden,Smells Like Teen Spirit
271,Sweden,Polly
271,Sweden,Polly
271,Sweden,Sangue Latino
271,Sweden,Às Vezes
272,Czech Republic,Revolta Olodum
273,Austria,Reggae Odoyá
273,Austria,Protesto Do Olodum (Ao Vivo)
274,Denmark,Vulcão Dub - Fui Eu
274,Denmark,Manguetown
275,Brazil,Bora-Bora
275,Brazil,I Feel Good (I Got You) - Sossego
275,Brazil,Sincero Breu
275,Brazil,Selvagem
276,Canada,Navegar Impreciso
276,Canada,Life During Wartime
276,Canada,Tendo A Lua
276,Canada,Busca Vida
276,Canada,Ela Disse Adeus
276,Canada,Óculos
277,USA,O Beco
277,USA,Romance Ideal
277,USA,Flying High Again
277,USA,Mr. Crowley
277,USA,Children Of The Grave
277,USA,When The World Was Young
277,USA,Walking Into Clarksdale
277,USA,Slug
277,USA,Ito Okashi
278,Canada,Prowler
278,Canada,Given To Fly
278,Canada,Off He Goes
278,Canada,Severed Hand
278,Canada,Inside Job
278,Canada,Get Right
278,Canada,Alive
278,Canada,Go
278,Canada,Elderly Woman Behind The Counter In A Small Town
278,Canada,Bush Doctor
278,Canada,Time
278,Canada,Hip Hop Rio
278,Canada,Rappers Reais
278,Canada,Bicycle Race
279,Finland,We Are The Champions
280,Hungary,Sheer Heart Attack
280,Hungary,"All Dead, All Dead"
281,Italy,Fight From The Inside
281,Italy,Sleep On The Sidewalk
282,Poland,It's Late
282,Poland,Shiny Happy People
282,Poland,Radio Song
282,Poland,Get Up
283,United Kingdom,The Wrong Child
283,United Kingdom,I Remember California
283,United Kingdom,New Test Leper
283,United Kingdom,Departure
283,United Kingdom,Zither
283,United Kingdom,Losing My Religion
284,India,Texarkana
284,India,So Central Rain
284,India,Fall On Me
284,India,Infeliz Natal
284,India,Esporrei Na Manivela
284,India,No Fundo Do Quintal Da Escola
284,India,Que Luz É Essa
284,India,The Power Of Equality
284,India,Mellowship Slinky In B Major
285,Denmark,Sir Psycho Sexy
285,Denmark,I Could Die For You
285,Denmark,Around The World
285,Denmark,I Like Dirt
285,Denmark,Freewill
285,Denmark,Fly By Night
285,Denmark,Santana Jam
285,Denmark,The Right Thing
285,Denmark,For Your Babies
285,Denmark,Muçulmano
285,Denmark,Zé Trindade
285,Denmark,Lucky 13
285,Denmark,Waiting
285,Denmark,Drown
286,USA,Real Love
287,USA,[Untitled]
287,USA,Nothing To Say
288,USA,Loud Love
288,USA,Get On The Snake
289,USA,Outshined
289,USA,Spoonman
289,USA,Black Hole Sun
289,USA,Pretty Noose
290,Canada,Bleed Together
290,Canada,Song For Lorraine
290,Canada,Little Linda
290,Canada,Tightrope
290,Canada,Wall Of Denial
290,Canada,Dead And Bloated
291,Germany,Creep
291,Germany,Soldier Side - Intro
291,Germany,Violent Pornography
291,Germany,Dark Corners
291,Germany,Midnight From The Inside Out
291,Germany,Miracle To Me
291,Germany,Title Song
291,Germany,Remedy
291,Germany,Tommy Gun
292,Italy,This Is Radio Clash
292,Italy,Nico
292,Italy,Lil' Evil
292,Italy,Love
292,Italy,The Crystal Ship
292,Italy,Roxanne
292,Italy,Every Breath You Take
292,Italy,As Tears Go By
292,Italy,You Got Me Rocking
292,Italy,Respectable
292,Italy,Moon Is Up
292,Italy,Mean Disposition
292,Italy,Release
292,Italy,Psychopomp
293,Germany,Boris The Spider
294,Canada,Happy Jack
294,Canada,Pictures Of Lily
295,Czech Republic,Magic Bus
295,Czech Republic,The Seeker
296,Austria,Won't Get Fooled Again (Full Length Version)
296,Austria,5.15
296,Austria,Squeeze Box
296,Austria,You Better You Bet
297,Brazil,O Descobridor Dos Sete Mares
297,Brazil,Não Vou Ficar
297,Brazil,Cristina Nº 2
297,Brazil,O Que Me Importa
297,Brazil,Eu Amo Você
297,Brazil,Nosso Adeus
298,USA,Formigueiro
298,USA,O Pulso
298,USA,A Melhor Forma
298,USA,Homem Primata
298,USA,Lugar Nenhum
298,USA,Caras Como Eu
298,USA,Toda Cor
298,USA,"Exodus, Pt. 2"
298,USA,The Passage
299,USA,"Crossroads, Pt. 1"
299,USA,Seven Minutes to Midnight
299,USA,Company Man
299,USA,Orientation
299,USA,House of the Rising Sun
299,USA,Lost Survival Guide
299,USA,Enter 77
299,USA,Exposé
299,USA,Catch-22
299,USA,"""?"""
299,USA,Even Better Than The Real Thing
299,USA,Acrobat
299,USA,Peace On Earth
299,USA,Dancing Barefoot
300,France,City Of Blinding Lights
301,France,All Because Of You
301,France,A Man And A Woman
302,France,One Step Closer
302,France,Yahweh
303,Hungary,Do You Feel Loved
303,Hungary,If God Will Send His Angels
303,Hungary,Last Night On Earth
303,Hungary,Miami
304,Poland,Wake Up Dead Man
304,Poland,Hawkmoon 269
304,Poland,Silver And Gold
304,Poland,When Love Comes To Town
304,Poland,Bullet The Blue Sky
304,Poland,With Or Without You
305,Australia,The Unforgettable Fire
305,Australia,Sunday Bloody Sunday
305,Australia,Two Hearts Beat As One
305,Australia,Numb
305,Australia,Dirty Day
305,Australia,Here I Am (Come And Take Me)
305,Australia,C'est La Vie
305,Australia,Cathedral
305,Australia,Little Guitars
306,Czech Republic,Unchained
306,Czech Republic,Humans Being
306,Czech Republic,Atomic Punk
306,Czech Republic,Dirty Water Dog
306,Czech Republic,Do It For The Kids
306,Czech Republic,Slither
306,Czech Republic,Samba Pra Endrigo
306,Czech Republic,Still Of The Night
306,Czech Republic,You're Gonna Break My Hart Again
306,Czech Republic,Coração Em Desalinho
306,Czech Republic,Camarão que Dorme e Onda Leva
306,Czech Republic,The Hard Part
306,Czech Republic,Hot Girl
306,Czech Republic,Email Surveillance
307,USA,Gay Witch Hunt
308,USA,The Convention
308,USA,The Coup
309,USA,The Initiation
309,USA,Branch Closing
310,USA,The Convict
310,USA,Back from Vacation
310,USA,Producer's Cut: The Return
310,USA,Phyllis's Wedding
311,USA,Safety Training
311,USA,The Job
311,USA,"Battlestar Galactica, Pt. 1"
311,USA,"Lost Planet of the Gods, Pt. 2"
311,USA,"The Gun On Ice Planet Zero, Pt. 2"
311,USA,"The Living Legend, Pt. 2"
312,Portugal,"Greetings from Earth, Pt. 1"
312,Portugal,Pilot
312,Portugal,Give Peace a Chance
312,Portugal,Imagine
312,Portugal,Beautiful Boy
312,Portugal,God
312,Portugal,War Pigs
312,Portugal,Iron Man/Children of the Grave
312,Portugal,Still Loving You
313,France,Salutations
313,France,Commercial 2
313,France,Instinto Colectivo
313,France,Armadura
313,France,"Past, Present, and Future"
313,France,Ji Yeon
313,France,Love Comes
313,France,"There's No Place Like Home, Pt. 3"
313,France,Four Walled World
313,France,Billie Jean
313,France,Sound of a Gun
313,France,Moth
313,France,"Suite for Solo Cello No. 1 in G Major, BWV 1007: I. Prélude"
313,France,Die Walküre: The Ride of the Valkyries
314,Chile,"Scheherazade, Op. 35: I. The Sea and Sindbad's Ship"
315,India,"Concerto No.2 in F Major, BWV1047, I. Allegro"
315,India,"Concerto for Piano No. 2 in F Minor, Op. 21: II. Larghetto"
316,Brazil,"Karelia Suite, Op.11: 2. Ballade (Tempo Di Menuetto)"
316,Brazil,Fantasia On Greensleeves
317,Canada,"Concerto for Cello and Orchestra in E minor, Op. 85: I. Adagio - Moderato"
317,Canada,"Wellington's Victory or the Battle Symphony, Op.91: 2. Symphony of Triumph"
317,Canada,Romeo et Juliette: No. 11 - Danse des Chevaliers
317,Canada,"Symphonie Fantastique, Op. 14: V. Songe d'une nuit du sabbat"
318,Austria,"Peer Gynt Suite No.1, Op.46: 1. Morning Mood"
318,Austria,"Symphony No. 41 in C Major, K. 551, ""Jupiter"": IV. Molto allegro"
318,Austria,Just Friends
318,Austria,Wake Up Alone
318,Austria,Rehab (Hot Chip Remix)
318,Austria,I Heard Love Is Blind
319,Brazil,Help Yourself
319,Brazil,"Suite No. 3 in D, BWV 1068: III. Gavotte I & II"
319,Brazil,"Music for the Funeral of Queen Mary: VI. ""Thou Knowest, Lord, the Secrets of Our Hearts"""
319,Brazil,"Symphony No. 2, Op. 16 -  ""The Four Temperaments"": II. Allegro Comodo e Flemmatico"
319,Brazil,"String Quartet No. 12 in C Minor, D. 703 ""Quartettsatz"": II. Andante - Allegro assai"
319,Brazil,Fast As a Shark
319,Brazil,Snowballed
319,Brazil,Go Down
319,Brazil,Hell Ain't A Bad Place To Be
320,USA,Amazing
320,USA,You Oughta Know
320,USA,Not The Doctor
320,USA,It Ain't Like That
320,USA,Por Causa De Você
320,USA,O Boto (Bôto)
320,USA,Welcome Home (Sanitarium)
320,USA,Exploder
320,USA,Doesn't Remind Me
320,USA,Money
320,USA,Carol
320,USA,Solo-Panhandler
320,USA,Bored To Tears
320,USA,Blood In The Wall
321,Germany,Snowblind
322,Germany,Cornucopia
322,Germany,Laguna Sunrise
323,France,Under The Sun/Every Day Comes and Goes
323,France,Body Count's In The House
324,France,Body Count
324,France,Bowels Of The Devil
324,France,KKK Bitch
324,France,Voodoo
325,Hungary,Evil Dick
325,Hungary,King In Crimson
325,Hungary,Book Of Thel
325,Hungary,Machine Men
325,Hungary,Let Me Love You Baby
325,Hungary,Leave My Girl Alone
326,Sweden,Jorge Da Capadócia
326,Sweden,Bem Devagar
326,Sweden,Mel
326,Sweden,Sozinho (Hitmakers Classic Mix)
326,Sweden,Samba De Orly
326,Sweden,Apesar De Você
326,Sweden,Geni E O Zepelim
326,Sweden,O Cidadão Do Mundo
326,Sweden,Maracatu Atômico
327,Brazil,Interlude Zumbi
327,Brazil,Rios Pontes & Overdrives
327,Brazil,Lixo Do Mangue
327,Brazil,Podes Crer
327,Brazil,A Cor Do Sol
327,Brazil,Doutor
327,Brazil,Linha Do Equador
327,Brazil,TriboTchan
327,Brazil,Reggae Tchan
327,Brazil,Communication Breakdown(2)
327,Brazil,Carolina Hard-Core Ecstasy
327,Brazil,X-9 2001
327,Brazil,Ipiranga 2001
327,Brazil,Água de Beber
328,Canada,Tarde Em Itapoã
329,USA,Tanto Tempo
329,USA,Eu Vim Da Bahia - Live
330,USA,Linha Do Horizonte
330,USA,Abrir A Porta
331,USA,Momentos Que Marcam
331,USA,Bumbo Da Mangueira
331,USA,Santo Antonio
331,USA,Só Tinha De Ser Com Você
332,USA,Turn The Page
332,USA,Astronomy
332,USA,A Kind Of Magic
332,USA,I Want To Break Free
332,USA,Who Wants To Live Forever
332,USA,The Invisible Man
333,Canada,Black Diamond
333,Canada,Shock Me
333,Canada,Calling Dr. Love
333,Canada,God Gave Rock 'n' Roll To You
333,Canada,Surrender
333,Canada,Best Thing
333,Canada,When I Come Around
333,Canada,Walking Contradiction
333,Canada,Minority
334,France,Slave
334,France,Começaria Tudo Outra Vez
334,France,Comportamento Geral
334,France,Menino Do Rio
334,France,Ando Meio Desligado
334,France,Rita Lee
334,France,Smoke On The Water
334,France,Beija-Flor
334,France,Caprichosos
334,France,Do You Like The Way
334,France,Manuel
334,France,Do You Have Other Loves?
334,France,'Round Midnight
334,France,E.S.P.
335,United Kingdom,Blue Rythm Fantasy
336,United Kingdom,Drum Boogie
336,United Kingdom,Let Me Off Uptown
337,Argentina,Opus No.1
337,Argentina,How High The Moon
338,India,Up An' Atom
338,India,Lemon Drop
338,India,Overtime
338,India,Don't Take Your Love From Me
339,Canada,Jungle Drums
339,Canada,Pot-Pourri N.º 4
339,Canada,Pot-Pourri N.º 5
339,Canada,Por Que Será
339,Canada,Samba Em Prelúdio
339,Canada,Chão de Giz (Elba Ramalho)
340,Denmark,Caçador de Mim (Sá & Guarabyra)
340,Denmark,Susie Q
340,Denmark,Commotion
340,Denmark,Run Through The Jungle
340,Denmark,Sweet Hitch-Hiker
340,Denmark,Tombstone Shadow
340,Denmark,The Midnight Special
340,Denmark,Molina
340,Denmark,Eu Sou Neguinha (Ao Vivo)
341,USA,Palavras Ao Vento
341,USA,Metrô. Linha 743
341,USA,Mis Penas Lloraba Yo (Ao Vivo) Soy Gitano (Tangos)
341,USA,You Keep On Moving
341,USA,No No No
341,USA,Nobody's Home
341,USA,Maybe I'm A Leo
341,USA,Sometimes I Feel Like Screaming
341,USA,King Of Dreams
341,USA,Stormbringer
341,USA,The Battle Rages On
341,USA,One Man's Meat
341,USA,When Love & Hate Collide
341,USA,Otay
342,Canada,Álibi
343,Canada,Esquinas
343,Canada,Se...
344,Portugal,Lilás
344,Portugal,Um Amor Puro
345,Germany,Nem Um Dia
345,Germany,Açai
345,Germany,Flor De Lis
345,Germany,Azul
346,France,Acelerou
346,France,Atrás da Porta
346,France,"Alô, Alô, Marciano"
346,France,As Aparências Enganam
346,France,Layla
346,France,Crossroads
347,Italy,After Midnight
347,Italy,Promises
347,Italy,Lonely Stranger
347,Italy,San Francisco Bay Blues
347,Italy,Last Cup Of Sorrow
347,Italy,Got That Feeling
347,Italy,Midlife Crisis
347,Italy,Be Aggressive
347,Italy,Get Out
348,Argentina,Take This Bottle
348,Argentina,Surprise! You're Dead!
348,Argentina,Falamansa Song
348,Argentina,Medo De Escuro
348,Argentina,The Last Song
348,Argentina,Friend Of A Friend
348,Argentina,Times Like These
348,Argentina,Monkey Wrench
348,Argentina,Everlong
348,Argentina,What Now My Love
348,Argentina,It Was A Very Good Year
348,Argentina,Entrando Na Sua (Intro)
348,Argentina,Dujji
348,Argentina,Esperando Na Janela
349,Brazil,Is This Love (Live)
350,Brazil,Stir It Up (Live)
350,Brazil,Refavela (Live)
351,Canada,Quanta (Live)
351,Canada,Pela Internet (Live)
352,USA,Opachorô (Live)
352,USA,A Novidade (Live)
352,USA,De Ouro E Marfim (Live)
352,USA,Lamento De Carnaval
353,USA,Refazenda
353,USA,A Paz
353,USA,Tempo Rei
353,USA,Toda Menina Baiana
353,USA,Changes
353,USA,I Fucking Hate You
354,USA,American Idiot
354,USA,Give Me Novacaine
354,USA,Whatsername
354,USA,Paradise City
354,USA,Rocket Queen
354,USA,You Ain't the First
354,USA,Garden of Eden
354,USA,14 Years
354,USA,Pretty Tied Up
355,Portugal,Magnetic Ocean
355,Portugal,She Wears Black
355,Portugal,For the Greater Good of God
355,Portugal,Where Eagles Dare
355,Portugal,Can I Play With Madness
355,Portugal,The Wicker Man
355,Portugal,The Thin Line Between Love & Hate
355,Portugal,Face In The Sand
355,Portugal,The Fugitive
355,Portugal,04 - Running Free
355,Portugal,Another Life
355,Portugal,2 Minutes To Midnight
355,Portugal,Run To The Hills
355,Portugal,Wrathchild
356,Poland,Hallowed Be Thy Name
357,Spain,The Trooper
357,Spain,Sanctuary
358,United Kingdom,Tailgunner
358,United Kingdom,No Prayer For The Dying
359,United Kingdom,Fates Warning
359,United Kingdom,Run Silent Run Deep
359,United Kingdom,Bring Your Daughter... ...To The Slaughter
359,United Kingdom,Where Eagles Dare
360,India,The Trooper
360,India,To Tame A Land
360,India,Flash of The Blade
360,India,Rime of the Ancient Mariner
360,India,Brave New World
360,India,Sign Of The Cross
361,Czech Republic,Fear Of The Dark
361,Czech Republic,Moonchild
361,Czech Republic,The Clairvoyant
361,Czech Republic,Stranger in a Strange Land
361,Czech Republic,Gangland
361,Czech Republic,Sign Of The Cross
361,Czech Republic,Judgement Of Heaven
361,Czech Republic,The Angel And The Gambler
361,Czech Republic,Como Estais Amigos
362,Canada,"Say It Loud, I'm Black And I'm Proud Pt.1"
362,Canada,I'm Real
362,Canada,"Whatever It Is, I Just Can't Stop"
362,Canada,Destitute Illusions
362,Canada,Light Years
362,Canada,Are You Gonna Be My Girl
362,Canada,Take It Or Leave It
362,Canada,May This Be Love
362,Canada,The Wind Cries Mary
362,Canada,Lords of Karma
362,Canada,Os Alquimistas Estão Chegando
362,Canada,As Dores do Mundo
362,Canada,Sem Sentido
362,Canada,Equinocio
363,USA,You've Got Another Thing Comin'
364,Canada,Turbo Lover
364,Canada,Freewheel Burning
365,Canada,Metal Meltdown
365,Canada,Diamonds And Rust (Live)
366,Canada,Tyrant (Live)
366,Canada,Plaster Caster
366,Canada,Do You Love Me
366,Canada,Sure Know Something
367,Germany,I Still Love You
367,Germany,Nothin' To Lose
367,Germany,Since I've Been Loving You
367,Germany,Going To California
367,Germany,We're Gonna Groove
367,Germany,Ozone Baby
368,France,Over The Hills And Far Away
368,France,In The Evening
368,France,I'm Gonna Crawl
368,France,Four Sticks
368,France,Dazed and Confused
368,France,Whole Lotta Love
368,France,Ramble On
368,France,Since I've Been Loving You
368,France,Hats Off To (Roy) Harper
369,United Kingdom,Sick Again
369,United Kingdom,Celebration Day
369,United Kingdom,L'Avventura
369,United Kingdom,Leila
369,United Kingdom,Tempo Perdido
369,United Kingdom,Giz
369,United Kingdom,Mr. Cab Driver
369,United Kingdom,Assim Caminha A Humanidade
369,United Kingdom,Satisfação
369,United Kingdom,Ro-Que-Se-Da-Ne
369,United Kingdom,O Último Romântico (Ao Vivo)
369,United Kingdom,Childhoods End?
369,United Kingdom,Panis Et Circenses
369,United Kingdom,Segue O Seco
370,Austria,"Abraham, Martin And John"
371,Belgium,Save The Children
371,Belgium,You Sure Love To Ball
372,Brazil,Praise
372,Brazil,Down Under
373,Brazil,Be Good Johnny
373,Brazil,Down by the Sea
373,Brazil,It's a Mistake
373,Brazil,Shakes and Ladders
374,USA,Holier Than Thou
374,USA,Through The Never
374,USA,My Friend Of Misery
374,USA,The Wait
374,USA,Blitzkrieg
374,USA,So What
375,USA,Hit The Lights
375,USA,Phantom Lord
375,USA,The House Jack Built
375,USA,Poor Twisted Me
375,USA,Battery
375,USA,Orion
375,USA,Better Than You
375,USA,Low Man's Lyric
375,USA,Fade To Black
376,Canada,Invisible Kid
376,Canada,Eye Of The Beholder
376,Canada,The Duke
376,Canada,Blues For Pablo (Alternate Take)
376,Canada,Menestrel Das Alagoas
376,Canada,Beijo Partido
376,Canada,Norwegian Wood
376,Canada,Jailbait
376,Canada,O Que Vai Em Meu Coração
376,Canada,A Moça e a Chuva
376,Canada,Same Ol' Situation
376,Canada,Shout At The Devil
376,Canada,Spank Thru
376,Canada,Smells Like Teen Spirit
377,Hungary,Sangue Latino
378,Ireland,Folhas Secas
378,Ireland,Poeira
379,Netherlands,Quem Mata A Mulher Mata O Melhor
379,Netherlands,O Braço Da Minha Guitarra
380,Spain,Mãe Terra
380,Spain,Menino De Rua
380,Spain,Elza
380,Spain,Nossa Gente (Avisa Là)
381,United Kingdom,Todo Amor (Asas Da Liberdade)
381,United Kingdom,Jeito Faceiro
381,United Kingdom,Olodum - Smile (Instrumental)
381,United Kingdom,"Um Amor, Um Lugar"
381,United Kingdom,Uns Dias
381,United Kingdom,Brasília 5:31
382,Brazil,Vamo Batê Lata
382,Brazil,Mensagen De Amor (2000)
382,Brazil,Saber Amar
382,Brazil,Cinema Mudo
382,Brazil,Meu Erro
382,Brazil,Será Que Vai Chover?
382,Brazil,"Mama, I'm Coming Home"
382,Brazil,Flying High Again
382,Brazil,Paranoid
383,Brazil,Most High
383,Brazil,Your Blue Room
383,Brazil,Plot 180
383,Brazil,Sanctuary
383,Brazil,Untitled
383,Brazil,Black
383,Brazil,Big Wave
383,Brazil,Cropduster
383,Brazil,1/2 Full
383,Brazil,Oceans
383,Brazil,Dissident
383,Brazil,Don't Look Back
383,Brazil,Pick Myself Up
383,Brazil,Any Colour You Like
384,USA,Rappers Reais
385,USA,Nega Do Cabelo Duro
385,USA,Hemp Family
386,USA,Se Liga
386,USA,Another One Bites The Dust
387,Canada,Fat Bottomed Girls
387,Canada,You're My Best Friend
387,Canada,Save Me
387,Canada,Somebody To Love
388,Canada,Flash
388,Canada,We Will Rock You
388,Canada,Spread Your Wings
388,Canada,Who Needs You
388,Canada,Me In Honey
388,Canada,You Are The Everything
389,France,Hairshirt
389,France,Undertow
389,France,Binky The Doormat
389,France,Low
389,France,Country Feedback
389,France,Don't Go Back To Rockville
389,France,I Believe
389,France,A Sua
389,France,Bê-a-Bá
390,Netherlands,Sapato 36
390,Netherlands,If You Have To Ask
390,Netherlands,Under The Bridge
390,Netherlands,This Is The Place
390,Netherlands,Tear
390,Netherlands,Get On Top
390,Netherlands,Right On Time
390,Netherlands,Anthem
390,Netherlands,La Puesta Del Sol
390,Netherlands,Just Ain't Good Enough
390,Netherlands,If You Don't Know Me By Now
390,Netherlands,Água E Fogo
390,Netherlands,Fica
390,Netherlands,Os Exilados
391,Canada,Waiting
392,Norway,Saturnine
392,Norway,Rock On
393,Czech Republic,Winterlong
393,Czech Republic,Blissed & Gone
394,Belgium,Rhinocerous
394,Belgium,Cherub Rock
394,Belgium,Disarm
394,Belgium,Bullet With Butterfly Wings
395,Brazil,Eye
395,Brazil,Stand Inside Your Love
395,Brazil,Flower
395,Brazil,Jesus Christ Pose
395,Brazil,The Day I Tried To Live
395,Brazil,Burden In My Hand
396,USA,Rasul
396,USA,End Of Romanticism
396,USA,Travis Walk
396,USA,Sex Type Thing
396,USA,Piece Of Pie
396,USA,B.Y.O.B.
396,USA,Question!
396,USA,Duende
396,USA,Sting Me
397,USA,Black Moon Creeping
397,USA,White Riot
397,USA,Train In Vain
397,USA,War (The Process)
397,USA,Speed Of Light
397,USA,Wild Hearted Son
397,USA,Sun King
397,USA,Back Door Man
397,USA,Don't Stand so Close to Me
397,USA,Message in a Bottle (new classic rock mix)
397,USA,Paint It Black
397,USA,Corinna
397,USA,Love Is Strong
397,USA,Sweethearts Together
398,France,Release
399,France,Heaven Coming Down
399,France,The River (Remix)
400,Finland,Waiting On A Sign
400,Finland,Paint It Black
401,Ireland,Army Ants
401,Ireland,Gyroscope
401,Ireland,Release
401,Ireland,Babylon
402,Spain,I Can't Explain
402,Spain,I'm A Boy
402,Spain,I Can See For Miles
402,Spain,Baba O'Riley
402,Spain,Join Together
402,Spain,Primavera
403,Argentina,New Love
403,Argentina,Compadre
403,Argentina,Não Quero Dinheiro
403,Argentina,Canário Do Reino
403,Argentina,Comida
403,Argentina,Marvin
403,Argentina,Cabeça Dinossauro
403,Argentina,Polícia (Vinheta)
403,Argentina,Sua Impossivel Chance
404,Czech Republic,Insensível
404,Czech Republic,Collaborators
404,Czech Republic,The Woman King
404,Czech Republic,One Giant Leap
404,Czech Republic,The Fix
404,Czech Republic,"Man of Science, Man of Faith (Premiere)"
404,Czech Republic,Walkabout
404,Czech Republic,The Moth
404,Czech Republic,Stranger In a Strange Land
404,Czech Republic,Par Avion
404,Czech Republic,Outlaws
404,Czech Republic,Deus Ex Machina
404,Czech Republic,"Live Together, Die Alone, Pt. 1"
404,Czech Republic,So Cruel
405,USA,Peace On Earth
406,USA,When I Look At The World
406,USA,New York
407,USA,The Three Sunrises
407,USA,Sweetest Thing
408,USA,Bass Trap
408,USA,Everlasting Love
408,USA,Walk To The Water
408,USA,Hallelujah Here She Comes
409,Canada,"Trash, Trampoline And The Party Girl"
409,Canada,Love And Peace Or Else
409,Canada,Crumbs From Your Table
409,Canada,Discotheque
409,Canada,Staring At The Sun
409,Canada,The Playboy Mansion
410,Portugal,Desire
410,Portugal,Pride (In The Name Of Love)
410,Portugal,The Star Spangled Banner
410,Portugal,I Still Haven't Found What I'm Looking For
410,Portugal,Sweetest Thing
410,Portugal,Seconds
410,Portugal,Red Light
410,Portugal,Lemon
410,Portugal,The Wanderer
411,Finland,Higher Ground
411,Finland,Secrets
411,Finland,Eruption
411,Finland,Dreams
411,Finland,Eruption
411,Finland,On Fire
411,Finland,Year to the Day
411,Finland,Fall To Pieces
411,Finland,A Bencao E Outros
411,Finland,Um Homem Chamado Alfredo
411,Finland,Looking For Love
411,Finland,Sweet Lady Luck
411,Finland,Feirinha da Pavuna/Luz do Repente/Bagaço da Laranja
411,Finland,Samba pras moças
412,India,Hot Girl
